Sector,Ticket type,Year,Fare_Index,YoY_Change,Cumulative_Inflation
All operators,Advance,2004,100,NA,0
All operators,Advance,2005,104.525167108711,4.525167108711003,4.525167108711003
All operators,Advance,2006,110.797213051153,6.000512714721397,10.797213051152994
All operators,Advance,2007,122.390359283699,10.463391554076065,22.390359283699
All operators,Advance,2008,131.543121381659,7.478335835867631,31.543121381659006
All operators,Advance,2009,142.09132298461,8.01881656156422,42.09132298461
All operators,Advance,2010,140.295826492821,-1.263621489387836,40.29582649282099
All operators,Advance,2011,146.845940831267,4.668787733882576,46.845940831267
All operators,Advance,2012,155.0035695685,5.55522930429961,55.00356956850001
All operators,Advance,2013,161.89168307628,4.4438418592263185,61.89168307628
All operators,Advance,2014,165.27942256516,2.092596373393533,65.27942256515999
All operators,Advance,2015,170.175213837382,2.962129947115392,70.17521383738199
All operators,Advance,2016,170.042832003763,-0.07779148950885514,70.04283200376301
All operators,Advance,2017,166.158465151192,-2.2843461302062176,66.15846515119199
All operators,Advance,2018,167.99998346147,1.1082903953177303,67.99998346147001
All operators,Advance,2019,172.586963938279,2.7303457906952744,72.58696393827901
All operators,Advance,2020,174.637306599965,1.1880055219113983,74.637306599965
All operators,Advance,2021,167.534424682241,-4.067219116012997,67.534424682241
All operators,Advance,2022,182.322964793898,8.827165007852035,82.322964793898
All operators,Advance,2023,193.23953892901645,5.987492660323287,93.23953892901645
All operators,Advance,2024,200.53301041351284,3.77431633552776,100.53301041351284
All operators,Advance,2025,212.0201778829989,5.728317470424807,112.0201778829989
All operators,All tickets,2004,100,NA,0
All operators,All tickets,2005,104.700796520003,4.700796520002996,4.700796520002996
All operators,All tickets,2006,110.817268435062,5.841858054910272,10.817268435062005
All operators,All tickets,2007,116.956285934045,5.539766126414141,16.956285934045
All operators,All tickets,2008,124.129478275555,6.1332251483731035,24.129478275555
All operators,All tickets,2009,133.514811952655,7.5609225201652,33.51481195265501
All operators,All tickets,2010,134.438753619482,0.6920143565454079,34.438753619481986
All operators,All tickets,2011,142.523324889816,6.013572018985489,42.523324889815996
All operators,All tickets,2012,151.254550374743,6.126173025837741,51.25455037474299
All operators,All tickets,2013,157.734649712654,4.284234306905906,57.734649712654004
All operators,All tickets,2014,161.894542565674,2.6372726985466293,61.89454256567399
All operators,All tickets,2015,165.416812891302,2.175657233287626,65.41681289130199
All operators,All tickets,2016,166.573674731967,0.6993617035924928,66.573674731967
All operators,All tickets,2017,168.563470608269,1.1945440235401958,68.563470608269
All operators,All tickets,2018,173.493607868287,2.9247957711284505,73.493607868287
All operators,All tickets,2019,178.360307976333,2.805117818369824,78.36030797633299
All operators,All tickets,2020,182.626529064249,2.3919117074422838,82.62652906424901
All operators,All tickets,2021,184.804430968773,1.192544103906062,84.804430968773
All operators,All tickets,2022,193.749636185824,4.840362955670951,93.74963618582399
All operators,All tickets,2023,204.8466270119852,5.7274898908807,104.84662701198519
All operators,All tickets,2024,215.01552758889284,4.964153291287868,115.01552758889284
All operators,All tickets,2025,225.94307281593805,5.082212131180848,125.94307281593805
All operators,Anytime,2004,100,NA,0
All operators,Anytime,2005,104.624202481617,4.624202481617004,4.624202481617004
All operators,Anytime,2006,112.469798716716,7.49883492443109,12.469798716716
All operators,Anytime,2007,119.615150756984,6.353129570601788,19.615150756983994
All operators,Anytime,2008,127.835629488604,6.872439385476454,27.835629488604
All operators,Anytime,2009,138.854413858358,8.619493965675872,38.85441385835799
All operators,Anytime,2010,140.877497056596,1.456981555013242,40.87749705659601
All operators,Anytime,2011,149.081909107403,5.8237917497291605,49.08190910740299
All operators,Anytime,2012,158.588926305337,6.377042831591908,58.588926305337
All operators,Anytime,2013,165.199668337517,4.16847644169815,65.19966833751701
All operators,Anytime,2014,169.506796940301,2.607225938241086,69.506796940301
All operators,Anytime,2015,172.431314727127,1.7253100404321722,72.43131472712699
All operators,Anytime,2016,173.954106847989,0.8831296816775098,73.95410684798901
All operators,Anytime,2017,177.576118021581,2.082164795774048,77.57611802158101
All operators,Anytime,2018,183.034773446529,3.073980603790754,83.03477344652899
All operators,Anytime,2019,188.176430399767,2.8091148236048644,88.17643039976701
All operators,Anytime,2020,193.194167497521,2.6665066858235993,93.194167497521
All operators,Anytime,2021,198.04158063725,2.5090887590026307,98.04158063725001
All operators,Anytime,2022,205.296986651413,3.6635771088156543,105.296986651413
All operators,Anytime,2023,216.43762782307184,5.426597512887637,116.43762782307184
All operators,Anytime,2024,227.4998165923638,5.111028466055271,127.4998165923638
All operators,Anytime,2025,237.94590498035737,4.591690905277064,137.94590498035737
All operators,Off Peak,2004,100,NA,0
All operators,Off Peak,2005,104.844928017761,4.844928017761006,4.844928017761006
All operators,Off Peak,2006,110.591957995849,5.481457316766369,10.591957995849
All operators,Off Peak,2007,115.502068085441,4.439843708867414,15.502068085440996
All operators,Off Peak,2008,121.563234732853,5.247669368940085,21.563234732853005
All operators,Off Peak,2009,130.195046002399,7.100675865129164,30.19504600239901
All operators,Off Peak,2010,131.716704028977,1.1687526317629295,31.716704028977006
All operators,Off Peak,2011,139.908888127373,6.219548354773397,39.90888812737299
All operators,Off Peak,2012,148.70067760576,6.283939209339564,48.700677605760006
All operators,Off Peak,2013,155.122472357425,4.318604901512737,55.12247235742501
All operators,Off Peak,2014,159.091491304235,2.5586356937792947,59.09149130423501
All operators,Off Peak,2015,162.181702688552,1.942411475927085,62.18170268855201
All operators,Off Peak,2016,163.981465217807,1.1097198385635347,63.981465217807
All operators,Off Peak,2017,167.181752304639,1.9516151307595875,67.18175230463899
All operators,Off Peak,2018,173.286981138923,3.651851203927482,73.28698113892301
All operators,Off Peak,2019,178.208985919048,2.8403777062623305,78.20898591904799
All operators,Off Peak,2020,182.830628992525,2.593383857521303,82.83062899252499
All operators,Off Peak,2021,184.683236180336,1.0132914807653737,84.683236180336
All operators,Off Peak,2022,191.619503280745,3.7557643259164046,91.619503280745
All operators,Off Peak,2023,202.65715030284017,5.760189768326311,102.65715030284017
All operators,Off Peak,2024,213.5877002447214,5.3936167194432505,113.58770024472139
All operators,Off Peak,2025,224.36816481982143,5.047324617825913,124.36816481982143
All operators,Other,2004,100,NA,0
All operators,Other,2005,104.024855918459,4.0248559184589965,4.0248559184589965
All operators,Other,2006,112.02506302257,7.690668767070484,12.025063022569995
All operators,Other,2007,121.778906726785,8.70684063105581,21.778906726784996
All operators,Other,2008,134.362085209579,10.332806247821532,34.36208520957899
All operators,Other,2009,146.670887345853,9.160919255662524,46.670887345853004
All operators,Other,2010,148.225907538706,1.0602105305235,48.225907538706
All operators,Other,2011,160.522406565474,8.295782586830875,60.522406565474
All operators,Other,2012,170.950687733972,6.496464507118197,70.95068773397199
All operators,Other,2013,176.377835085505,3.1746858836734115,76.37783508550501
All operators,Other,2014,179.099979313966,1.5433595877516815,79.099979313966
All operators,Other,2015,181.319983988473,1.2395337414390737,81.31998398847301
All operators,Other,2016,183.60784603922,1.2617815203934861,83.60784603922
All operators,Other,2017,184.402174429222,0.43262224743506833,84.40217442922199
All operators,Other,2018,190.849445085201,3.4963094529309053,90.84944508520101
All operators,Other,2019,194.285453923389,1.800376645923211,94.28545392338901
All operators,Other,2020,199.20702363966,2.533164278068741,99.20702363966001
All operators,Other,2021,202.52693313303,1.6665624698932786,102.52693313303001
All operators,Other,2022,NA,NA,NA
All operators,Other,2023,NA,NA,NA
All operators,Other,2024,NA,NA,NA
All operators,Other,2025,NA,NA,NA
All operators,Season,2004,100,NA,0
All operators,Season,2005,104.635618374694,4.635618374694005,4.635618374694005
All operators,Season,2006,108.897501747432,4.073071329761194,8.897501747432003
All operators,Season,2007,114.197328989744,4.866803330900996,14.197328989743994
All operators,Season,2008,120.702810129916,5.696701663448068,20.702810129916003
All operators,Season,2009,128.181761028178,6.196169658529216,28.181761028177988
All operators,Season,2010,128.139417174527,-0.03303422679742088,28.13941717452701
All operators,Season,2011,137.111125691342,7.001521245094672,37.11112569134201
All operators,Season,2012,145.317042624789,5.984865846641616,45.317042624788996
All operators,Season,2013,151.468915289435,4.233414438890164,51.46891528943499
All operators,Season,2014,156.130364980394,3.0774959218871194,56.130364980394006
All operators,Season,2015,160.225095624812,2.6226356704746068,60.22509562481201
All operators,Season,2016,161.10922627154,0.5518053481448933,61.109226271539995
All operators,Season,2017,163.587213091997,1.5380787791013941,63.587213091997
All operators,Season,2018,168.686431359064,3.1171252145479893,68.68643135906399
All operators,Season,2019,173.398229701944,2.7932290136902136,73.39822970194399
All operators,Season,2020,178.116757141671,2.721208542807927,78.116757141671
All operators,Season,2021,182.403097905305,2.406478105945259,82.403097905305
All operators,Season,2022,188.842552238836,3.530342635339476,88.84255223883599
All operators,Season,2023,199.44226891034344,5.612991640836122,99.44226891034344
All operators,Season,2024,209.37441749364208,4.979961688945438,109.37441749364208
All operators,Season,2025,218.36821769935668,4.295558317666818,118.36821769935668
All operators,Super Off Peak,2004,100,NA,0
All operators,Super Off Peak,2005,104.761904263999,4.761904263999,4.761904263999
All operators,Super Off Peak,2006,108.677226034835,3.7373526171970184,8.677226034835002
All operators,Super Off Peak,2007,113.517735014072,4.454023309065177,13.517735014072002
All operators,Super Off Peak,2008,122.648219461604,8.043222890590757,22.648219461604
All operators,Super Off Peak,2009,132.813535995304,8.28818924426565,32.813535995303994
All operators,Super Off Peak,2010,133.854544665523,0.7838121787946539,33.85454466552301
All operators,Super Off Peak,2011,140.046205719573,4.6256636780781575,40.04620571957301
All operators,Super Off Peak,2012,148.424351403919,5.98241533306678,48.42435140391899
All operators,Super Off Peak,2013,155.276131516285,4.616344991611061,55.276131516285005
All operators,Super Off Peak,2014,159.796079384298,2.910909631683444,59.796079384298
All operators,Super Off Peak,2015,162.352846380341,1.600018602392713,62.35284638034099
All operators,Super Off Peak,2016,163.54248945949,0.7327515997853632,63.542489459490014
All operators,Super Off Peak,2017,166.662544378014,1.9077946831039427,66.66254437801399
All operators,Super Off Peak,2018,172.710102862688,3.628624840238422,72.71010286268799
All operators,Super Off Peak,2019,177.833689611756,2.9665819567842444,77.833689611756
All operators,Super Off Peak,2020,182.767569463343,2.774434845477576,82.767569463343
All operators,Super Off Peak,2021,186.712889575176,2.15865436270646,86.712889575176
All operators,Super Off Peak,2022,193.519935327662,3.6457288877987675,93.51993532766201
All operators,Super Off Peak,2023,204.994279279645,5.929282651193013,104.99427927964501
All operators,Super Off Peak,2024,216.48548775225035,5.605623977891348,116.48548775225035
All operators,Super Off Peak,2025,229.1783088408346,5.8631279262054425,129.1783088408346
London and South East,Advance,2004,100,NA,0
London and South East,Advance,2005,104.805528105863,4.805528105863004,4.805528105863004
London and South East,Advance,2006,113.673718766893,8.46156764943957,13.673718766893003
London and South East,Advance,2007,128.020154266536,12.620714493437804,28.020154266535997
London and South East,Advance,2008,135.456898962816,5.809042130035891,35.45689896281601
London and South East,Advance,2009,106.482146996439,-21.3903848295913,6.482146996438999
London and South East,Advance,2010,107.914904576021,1.3455378389674253,7.9149045760210015
London and South East,Advance,2011,116.027777603581,7.517842933220462,16.027777603581
London and South East,Advance,2012,119.556442066419,3.04122386528335,19.556442066418995
London and South East,Advance,2013,129.159094258146,8.031898595972194,29.159094258146013
London and South East,Advance,2014,130.296585899484,0.8806903206246716,30.296585899484
London and South East,Advance,2015,134.415455099105,3.161148982674391,34.415455099105
London and South East,Advance,2016,137.703624924841,2.4462736247938244,37.703624924840994
London and South East,Advance,2017,137.177733927846,-0.3819006197418806,37.17773392784599
London and South East,Advance,2018,144.159844759533,5.0898280878145465,44.159844759533
London and South East,Advance,2019,144.471410706946,0.21612533499373363,44.47141070694599
London and South East,Advance,2020,144.828420491162,0.247114486159616,44.82842049116201
London and South East,Advance,2021,133.853099283875,-7.578154322242828,33.853099283875
London and South East,Advance,2022,148.410588460535,10.875720662833924,48.410588460534996
London and South East,Advance,2023,161.54481154597707,8.84992319057794,61.54481154597707
London and South East,Advance,2024,165.8885080547665,2.6888492841215026,65.8885080547665
London and South East,Advance,2025,181.91900190167337,9.663414322597049,81.91900190167337
London and South East,All tickets,2004,100,NA,0
London and South East,All tickets,2005,104.809789336962,4.809789336961998,4.809789336961998
London and South East,All tickets,2006,109.617259686888,4.5868524117246885,9.617259686888005
London and South East,All tickets,2007,115.059629155144,4.9648837088261795,15.059629155143995
London and South East,All tickets,2008,121.807511919616,5.864683220361597,21.807511919616005
London and South East,All tickets,2009,130.053598806932,6.7697687583979285,30.053598806932
London and South East,All tickets,2010,130.620244782978,0.4357018807970129,30.620244782978006
London and South East,All tickets,2011,139.318594216912,6.659265911180974,39.318594216912004
London and South East,All tickets,2012,147.807754759845,6.093343527222083,47.80775475984501
London and South East,All tickets,2013,154.354933561972,4.429523209228568,54.35493356197199
London and South East,All tickets,2014,158.664626713676,2.7920669927752653,58.664626713676
London and South East,All tickets,2015,162.352041501407,2.3240307963445805,62.352041501407
London and South East,All tickets,2016,163.504166375484,0.7096460650708963,63.504166375484004
London and South East,All tickets,2017,165.941458044138,1.490660282660194,65.94145804413799
London and South East,All tickets,2018,171.243622059727,3.1952015355793137,71.24362205972699
London and South East,All tickets,2019,175.750290048922,2.631728957253176,75.75029004892201
London and South East,All tickets,2020,180.417160712044,2.655398555429359,80.417160712044
London and South East,All tickets,2021,184.437557660817,2.228389435298663,84.43755766081699
London and South East,All tickets,2022,191.962936086444,4.080176793202967,91.96293608644399
London and South East,All tickets,2023,203.49900498499971,6.009529304844998,103.49900498499971
London and South East,All tickets,2024,213.63977941587424,4.98320590394141,113.63977941587424
London and South East,All tickets,2025,224.73138229464303,5.1917311041487775,124.73138229464303
London and South East,Anytime,2004,100,NA,0
London and South East,Anytime,2005,104.18278065681601,4.182780656816007,4.182780656816007
London and South East,Anytime,2006,109.774510856174,5.367230711356681,9.774510856174004
London and South East,Anytime,2007,115.362411463807,5.0903443468349785,15.362411463807007
London and South East,Anytime,2008,121.931348498709,5.694174516248635,21.931348498709
London and South East,Anytime,2009,131.238993000438,7.633512313552039,31.238993000438
London and South East,Anytime,2010,131.69523477967,0.3476419384218111,31.69523477966999
London and South East,Anytime,2011,139.760819597962,6.124431785087733,39.76081959796201
London and South East,Anytime,2012,148.753359516296,6.434235248621222,48.753359516296
London and South East,Anytime,2013,155.603262195932,4.60487259038044,55.60326219593199
London and South East,Anytime,2014,159.606815717568,2.5729238996254633,59.606815717568
London and South East,Anytime,2015,162.700938285632,1.9385905007585609,62.70093828563199
London and South East,Anytime,2016,163.900221359932,0.7371088863633926,63.900221359932004
London and South East,Anytime,2017,166.119920971982,1.3542993375069559,66.119920971982
London and South East,Anytime,2018,171.054973255355,2.9707769269920155,71.05497325535501
London and South East,Anytime,2019,175.484276089885,2.589403131774372,75.48427608988499
London and South East,Anytime,2020,180.138808157413,2.6523926651661407,80.138808157413
London and South East,Anytime,2021,184.661443402286,2.5106390406008146,84.66144340228601
London and South East,Anytime,2022,191.680915283747,3.801265576685127,91.680915283747
London and South East,Anytime,2023,202.88201137292668,5.843615715523166,102.88201137292668
London and South East,Anytime,2024,212.82924788082147,4.902966231742605,112.82924788082147
London and South East,Anytime,2025,222.8636388753603,4.714761290777951,122.8636388753603
London and South East,Off Peak,2004,100,NA,0
London and South East,Off Peak,2005,105.734655668979,5.734655668979002,5.734655668979002
London and South East,Off Peak,2006,110.827086243191,4.816236022137108,10.827086243191005
London and South East,Off Peak,2007,116.745679021636,5.340384719181062,16.745679021635993
London and South East,Off Peak,2008,124.049083155997,6.255823937610138,24.049083155996996
London and South East,Off Peak,2009,133.104463698417,7.299836735618973,33.10446369841699
London and South East,Off Peak,2010,134.841194102583,1.3047874999151146,34.84119410258299
London and South East,Off Peak,2011,143.48478423613,6.4101999326490935,43.48478423613
London and South East,Off Peak,2012,152.30801856647,6.149247376516093,52.30801856647
London and South East,Off Peak,2013,158.918128761229,4.339962043347208,58.91812876122901
London and South East,Off Peak,2014,163.171020251445,2.676152509073303,63.171020251444986
London and South East,Off Peak,2015,166.976086241199,2.3319496218693994,66.976086241199
London and South East,Off Peak,2016,168.459719656708,0.888530476972531,68.45971965670799
London and South East,Off Peak,2017,171.575757372805,1.8497227244868668,71.57575737280499
London and South East,Off Peak,2018,177.074326967587,3.2047473832999427,77.07432696758701
London and South East,Off Peak,2019,181.94683787625,2.7516755207291426,81.94683787624999
London and South East,Off Peak,2020,186.530427239579,2.51919154893284,86.53042723957901
London and South East,Off Peak,2021,191.309609118097,2.562145999043697,91.309609118097
London and South East,Off Peak,2022,198.583304929175,3.802054609075014,98.583304929175
London and South East,Off Peak,2023,210.30178880472675,5.901041822086286,110.30178880472675
London and South East,Off Peak,2024,220.95896253591724,5.067562093390501,120.95896253591724
London and South East,Off Peak,2025,231.78435500775933,4.899277380559934,131.78435500775933
London and South East,Other,2004,100,NA,0
London and South East,Other,2005,100.36708491896,0.3670849189600034,0.3670849189600034
London and South East,Other,2006,100.75169405536,0.3832024579677182,0.7516940553600051
London and South East,Other,2007,105.579106199952,4.791395509379199,5.579106199951994
London and South East,Other,2008,110.994891680186,5.129599667170197,10.994891680186
London and South East,Other,2009,112.685641419886,1.5232680658598416,12.685641419885997
London and South East,Other,2010,113.914612153135,1.0906187494373343,13.914612153134996
London and South East,Other,2011,119.95043523119,5.298550347466459,19.95043523119
London and South East,Other,2012,125.832915579071,4.904092541676258,25.832915579071
London and South East,Other,2013,133.43782341995,6.043655434575248,33.43782341995001
London and South East,Other,2014,133.773374319695,0.25146610694402255,33.773374319694994
London and South East,Other,2015,135.205115121952,1.0702733705702796,35.20511512195199
London and South East,Other,2016,136.284634088634,0.7984305665568202,36.28463408863399
London and South East,Other,2017,136.598016458003,0.2299469573108277,36.598016458003
London and South East,Other,2018,139.412660843966,2.0605309351826158,39.412660843965995
London and South East,Other,2019,139.693904772778,0.20173485471796024,39.69390477277801
London and South East,Other,2020,152.498622180817,9.166267797343599,52.498622180816994
London and South East,Other,2021,153.365397605551,0.5683824629617201,53.36539760555101
London and South East,Other,2022,NA,NA,NA
London and South East,Other,2023,NA,NA,NA
London and South East,Other,2024,NA,NA,NA
London and South East,Other,2025,NA,NA,NA
London and South East,Season,2004,100,NA,0
London and South East,Season,2005,104.702008555942,4.702008555942001,4.702008555942001
London and South East,Season,2006,108.921223047117,4.029735961484139,8.921223047116996
London and South East,Season,2007,114.031449479947,4.691671916518445,14.031449479947
London and South East,Season,2008,120.53178401512,5.700475232769985,20.531784015119996
London and South East,Season,2009,127.985137993756,6.183724931592336,27.985137993756
London and South East,Season,2010,128.013623447664,0.022256845095087605,28.013623447664003
London and South East,Season,2011,137.359391354873,7.30060415095573,37.359391354873
London and South East,Season,2012,145.551340651251,5.963880019833372,45.551340651250996
London and South East,Season,2013,151.594949725631,4.152218074624839,51.59494972563101
London and South East,Season,2014,156.24143997044,3.065069287082849,56.24143997044001
London and South East,Season,2015,160.356176351638,2.633575562268544,60.356176351638
London and South East,Season,2016,161.123107086842,0.4782670381976624,61.123107086842
London and South East,Season,2017,163.490697016601,1.4694291666575858,63.49069701660099
London and South East,Season,2018,168.524263699838,3.0788092381341428,68.524263699838
London and South East,Season,2019,173.11992231598,2.727001154164616,73.11992231598
London and South East,Season,2020,177.963934249535,2.798067298524804,77.96393424953499
London and South East,Season,2021,182.293301696974,2.4327218128188375,82.293301696974
London and South East,Season,2022,188.511347396778,3.4110116180463184,88.511347396778
London and South East,Season,2023,199.34883622047144,5.748984861310618,99.34883622047144
London and South East,Season,2024,209.13192601683184,4.907522903991631,109.13192601683184
London and South East,Season,2025,218.8992257703904,4.6704010906361715,118.89922577039039
London and South East,Super Off Peak,2004,100,NA,0
London and South East,Super Off Peak,2005,101.304686396527,1.3046863965270035,1.3046863965270035
London and South East,Super Off Peak,2006,103.136767365411,1.8084858993717874,3.1367673654110035
London and South East,Super Off Peak,2007,106.414393080757,3.1779410961499734,6.414393080756994
London and South East,Super Off Peak,2008,115.808873257064,8.828204441458972,15.808873257063993
London and South East,Super Off Peak,2009,126.18455327632,8.959313502882322,26.184553276320003
London and South East,Super Off Peak,2010,126.678448190382,0.3914067936512495,26.678448190382
London and South East,Super Off Peak,2011,132.950738590348,4.951347675604248,32.95073859034801
London and South East,Super Off Peak,2012,140.743924195261,5.8617091469687885,40.743924195261
London and South East,Super Off Peak,2013,147.273236412468,4.639143220242012,47.27323641246801
London and South East,Super Off Peak,2014,152.384706137824,3.470739049313957,52.384706137824
London and South East,Super Off Peak,2015,155.155049789469,1.8179932368930525,55.15504978946899
London and South East,Super Off Peak,2016,156.280352996145,0.7252765592888886,56.28035299614501
London and South East,Super Off Peak,2017,158.966613870352,1.718873052630778,58.966613870352006
London and South East,Super Off Peak,2018,165.755619261788,4.270711457043992,65.75561926178801
London and South East,Super Off Peak,2019,170.717406297863,2.9934351898130984,70.717406297863
London and South East,Super Off Peak,2020,176.620589099811,3.457868140081926,76.62058909981101
London and South East,Super Off Peak,2021,181.448193071114,2.733318915936139,81.44819307111399
London and South East,Super Off Peak,2022,188.278411128664,3.764280008494261,88.278411128664
London and South East,Super Off Peak,2023,199.50955339368713,5.965177949875563,99.50955339368713
London and South East,Super Off Peak,2024,211.81043758555532,6.165561489476732,111.81043758555532
London and South East,Super Off Peak,2025,226.37556023773143,6.876489571621282,126.37556023773143
Long distance,Advance,2004,100,NA,0
Long distance,Advance,2005,104.554811629397,4.554811629396994,4.554811629396994
Long distance,Advance,2006,110.8297584607,6.001585898834642,10.829758460700006
Long distance,Advance,2007,122.576439853642,10.59885138801177,22.576439853642
Long distance,Advance,2008,131.819327216869,7.540508905514906,31.819327216869
Long distance,Advance,2009,143.826515398189,9.108822230268094,43.826515398189
Long distance,Advance,2010,141.495793655895,-1.6205090805692637,41.495793655895
Long distance,Advance,2011,147.901480637851,4.527121843306556,47.901480637850995
Long distance,Advance,2012,156.343417268133,5.70781076286369,56.34341726813301
Long distance,Advance,2013,162.978820907952,4.244120894734643,62.97882090795201
Long distance,Advance,2014,166.760429105627,2.320306513820455,66.760429105627
Long distance,Advance,2015,171.930684749073,3.100409174511744,71.93068474907301
Long distance,Advance,2016,171.731759305451,-0.11570095466806371,71.73175930545099
Long distance,Advance,2017,165.789048553063,-3.4604611147190214,65.789048553063
Long distance,Advance,2018,166.307520012484,0.3127296187208951,66.30752001248399
Long distance,Advance,2019,170.951690556319,2.792519871312124,70.951690556319
Long distance,Advance,2020,173.374519738033,1.4172595625287607,73.374519738033
Long distance,Advance,2021,164.832550255902,-4.926888619526001,64.83255025590199
Long distance,Advance,2022,179.521116262522,8.911204724926037,79.52111626252201
Long distance,Advance,2023,190.26008549113823,5.982008942564796,90.26008549113823
Long distance,Advance,2024,196.44375699884503,3.250114963285257,96.44375699884503
Long distance,Advance,2025,207.95322785142375,5.858914036472222,107.95322785142375
Long distance,All tickets,2004,100,NA,0
Long distance,All tickets,2005,104.738537127975,4.738537127974993,4.738537127974993
Long distance,All tickets,2006,113.150127712686,8.031036918563498,13.150127712686
Long distance,All tickets,2007,120.680786503751,6.655457614848704,20.680786503750994
Long distance,All tickets,2008,128.608779470661,6.569391198543103,28.608779470661005
Long distance,All tickets,2009,139.410735694588,8.39908151557507,39.410735694588
Long distance,All tickets,2010,140.655695019188,0.8930153896665214,40.65569501918799
Long distance,All tickets,2011,148.271116472799,5.414229016871403,48.27111647279901
Long distance,All tickets,2012,157.280684034166,6.076414460007008,57.280684034166
Long distance,All tickets,2013,163.71023935086,4.087949741684311,63.71023935086001
Long distance,All tickets,2014,167.898892671359,2.558577482451761,67.898892671359
Long distance,All tickets,2015,171.202504508575,1.9676197887036788,71.202504508575
Long distance,All tickets,2016,172.220759600675,0.5947664696978718,72.220759600675
Long distance,All tickets,2017,173.102053653382,0.5117234732621347,73.102053653382
Long distance,All tickets,2018,177.112915826322,2.317050600087801,77.112915826322
Long distance,All tickets,2019,182.170628683122,2.8556431546526135,82.170628683122
Long distance,All tickets,2020,186.195589087371,2.2094453059445893,86.19558908737099
Long distance,All tickets,2021,184.068776044109,-1.1422467383284776,84.068776044109
Long distance,All tickets,2022,195.261869143311,6.080929824034776,95.261869143311
Long distance,All tickets,2023,206.86469954838392,5.942189561115545,106.86469954838392
Long distance,All tickets,2024,215.64862025267473,4.2462153878682045,115.64862025267473
Long distance,All tickets,2025,227.24746424740877,5.378584839144213,127.24746424740877
Long distance,Anytime,2004,100,NA,0
Long distance,Anytime,2005,105.109370289428,5.109370289428,5.109370289428
Long distance,Anytime,2006,115.814964903803,10.185195273167553,15.814964903803002
Long distance,Anytime,2007,125.089644924529,8.008187912874327,25.089644924528997
Long distance,Anytime,2008,135.049228097908,7.961956546753318,35.04922809790801
Long distance,Anytime,2009,148.003213723674,9.59204714326439,48.00321372367401
Long distance,Anytime,2010,152.247950949115,2.868003416037995,52.247950949114994
Long distance,Anytime,2011,160.443122560168,5.382779577632569,60.44312256016801
Long distance,Anytime,2012,170.399322111062,6.205438657652836,70.39932211106199
Long distance,Anytime,2013,176.437282635514,3.5434181601477426,76.43728263551401
Long distance,Anytime,2014,181.194702516296,2.696380158274093,81.19470251629599
Long distance,Anytime,2015,183.186202410677,1.0990938844925113,83.186202410677
Long distance,Anytime,2016,184.734252269525,0.8450690272936054,84.734252269525
Long distance,Anytime,2017,190.524849038898,3.134555015235933,90.524849038898
Long distance,Anytime,2018,196.01861309764,2.883489521947028,96.01861309764001
Long distance,Anytime,2019,201.709076343654,2.9030218896505913,101.709076343654
Long distance,Anytime,2020,207.332369513573,2.7878235684043,107.33236951357301
Long distance,Anytime,2021,212.841099699182,2.656956170680504,112.841099699182
Long distance,Anytime,2022,219.509723408039,3.1331466142028406,119.50972340803901
Long distance,Anytime,2023,230.0474726409571,4.800584260830138,130.0474726409571
Long distance,Anytime,2024,240.04738167056345,4.346889324541094,140.04738167056345
Long distance,Anytime,2025,250.2893367855084,4.266638962553157,150.2893367855084
Long distance,Off Peak,2004,100,NA,0
Long distance,Off Peak,2005,104.172553202195,4.1725532021950045,4.1725532021950045
Long distance,Off Peak,2006,110.921472528378,6.478596442849588,10.921472528378004
Long distance,Off Peak,2007,114.992063738078,3.669795502091431,14.992063738078002
Long distance,Off Peak,2008,120.205174571891,4.53345271347344,20.205174571891007
Long distance,Off Peak,2009,128.598319036676,6.982348717247039,28.598319036676003
Long distance,Off Peak,2010,129.936576470471,1.0406492431781624,29.93657647047101
Long distance,Off Peak,2011,137.981591837877,6.191494024189779,37.981591837877005
Long distance,Off Peak,2012,146.816398182215,6.4028876799149845,46.81639818221501
Long distance,Off Peak,2013,153.063353556098,4.254943896750451,53.06335355609801
Long distance,Off Peak,2014,157.097177903063,2.6353952485998464,57.097177903063
Long distance,Off Peak,2015,159.219845876587,1.3511814800605668,59.21984587658699
Long distance,Off Peak,2016,161.232120317837,1.2638339336226652,61.232120317837
Long distance,Off Peak,2017,165.099167554629,2.3984347716626666,65.09916755462899
Long distance,Off Peak,2018,172.036006749351,4.20161972798967,72.036006749351
Long distance,Off Peak,2019,176.863429309194,2.80605359950975,76.863429309194
Long distance,Off Peak,2020,181.843778284936,2.8159292145327113,81.84377828493601
Long distance,Off Peak,2021,178.788270662911,-1.6802926395629798,78.788270662911
Long distance,Off Peak,2022,185.657953053587,3.842356305144956,85.657953053587
Long distance,Off Peak,2023,197.26514124069297,6.251920801774519,97.26514124069297
Long distance,Off Peak,2024,207.71470661731445,5.297218409141758,107.71470661731445
Long distance,Off Peak,2025,219.04955720679845,5.456932142203535,119.04955720679845
Long distance,Other,2004,100,NA,0
Long distance,Other,2005,104.594126287494,4.5941262874940065,4.5941262874940065
Long distance,Other,2006,113.777741663641,8.780240059469808,13.777741663640995
Long distance,Other,2007,125.788512330069,10.556344756723348,25.788512330068997
Long distance,Other,2008,139.527993984164,10.92268395546535,39.527993984164
Long distance,Other,2009,137.606420255687,-1.377195839779,37.606420255687
Long distance,Other,2010,139.329887160527,1.2524611145596367,39.329887160526994
Long distance,Other,2011,150.983263226461,8.363873899149665,50.98326322646099
Long distance,Other,2012,161.063616293901,6.676470525292859,61.06361629390099
Long distance,Other,2013,164.135679604442,1.9073601979327603,64.135679604442
Long distance,Other,2014,165.744589858364,0.9802318775536133,65.74458985836401
Long distance,Other,2015,168.28296958651,1.531500805133461,68.28296958651
Long distance,Other,2016,171.226799672418,1.7493333360715635,71.226799672418
Long distance,Other,2017,173.709500242624,1.4499485915497823,73.70950024262399
Long distance,Other,2018,179.225259946483,3.1752780913853402,79.22525994648299
Long distance,Other,2019,182.715958578539,1.9476599632765628,82.71595857853899
Long distance,Other,2020,184.809267787152,1.145663041640246,84.80926778715201
Long distance,Other,2021,186.314978875921,0.8147378682887038,86.31497887592101
Long distance,Other,2022,NA,NA,NA
Long distance,Other,2023,NA,NA,NA
Long distance,Other,2024,NA,NA,NA
Long distance,Other,2025,NA,NA,NA
Long distance,Season,2004,100,NA,0
Long distance,Season,2005,104.242916547213,4.2429165472129995,4.2429165472129995
Long distance,Season,2006,109.007448838751,4.5706053220221285,9.007448838751003
Long distance,Season,2007,116.134858520676,6.538461139906324,16.134858520676005
Long distance,Season,2008,123.063065940759,5.965657088951926,23.063065940759003
Long distance,Season,2009,135.236053945044,9.891666448603615,35.236053945044006
Long distance,Season,2010,134.758703567919,-0.35297567712155614,34.758703567919014
Long distance,Season,2011,142.885579956343,6.030687572122576,42.88557995634301
Long distance,Season,2012,151.371454831215,5.9389302107775706,51.371454831215004
Long distance,Season,2013,158.264866099422,4.553970413968346,58.264866099421994
Long distance,Season,2014,163.490339159511,3.301726522680251,63.490339159510995
Long distance,Season,2015,167.723113933483,2.5890060512029778,67.723113933483
Long distance,Season,2016,168.851323806648,0.6726621314772546,68.851323806648
Long distance,Season,2017,172.187920633971,1.9760560664266693,72.187920633971
Long distance,Season,2018,177.821945649555,3.2720210539974794,77.821945649555
Long distance,Season,2019,183.595640460679,3.2468966583587915,83.595640460679
Long distance,Season,2020,188.68015949504,2.769411638317172,88.68015949503999
Long distance,Season,2021,193.181186843793,2.3855329361597954,93.181186843793
Long distance,Season,2022,200.377513632423,3.725169570704089,100.37751363242299
Long distance,Season,2023,211.93704390133271,5.768875987809085,111.93704390133271
Long distance,Season,2024,222.17157273684523,4.829041986769054,122.17157273684523
Long distance,Season,2025,232.0046834087358,4.425908567311418,132.0046834087358
Long distance,Super Off Peak,2004,100,NA,0
Long distance,Super Off Peak,2005,105.676071177919,5.676071177918999,5.676071177918999
Long distance,Super Off Peak,2006,110.943730477177,4.984722880536721,10.943730477176999
Long distance,Super Off Peak,2007,115.239327497439,3.871870002735923,15.239327497439007
Long distance,Super Off Peak,2008,124.735668623961,8.240538480002009,24.735668623961004
Long distance,Super Off Peak,2009,132.170557844061,5.960515786798605,32.170557844060994
Long distance,Super Off Peak,2010,133.074482974717,0.6839080846753219,33.074482974717
Long distance,Super Off Peak,2011,139.077261923948,4.510841458892958,39.07726192394799
Long distance,Super Off Peak,2012,147.267165375054,5.888743665074823,47.26716537505399
Long distance,Super Off Peak,2013,153.760489070473,4.409213471911459,53.760489070473
Long distance,Super Off Peak,2014,157.416197969622,2.377534645765522,57.416197969622004
Long distance,Super Off Peak,2015,159.310485762761,1.2033626892097582,59.310485762761004
Long distance,Super Off Peak,2016,160.536406840673,0.7695168789690338,60.53640684067301
Long distance,Super Off Peak,2017,163.850367922112,2.0643050051120175,63.850367922112014
Long distance,Super Off Peak,2018,169.095993114563,3.201472940814228,69.09599311456299
Long distance,Super Off Peak,2019,173.999074375412,2.8995845321581073,73.999074375412
Long distance,Super Off Peak,2020,177.999592231343,2.2991604238650627,77.999592231343
Long distance,Super Off Peak,2021,180.876032177828,1.6159811999718146,80.876032177828
Long distance,Super Off Peak,2022,187.40109292697,3.607476717936236,87.40109292697
Long distance,Super Off Peak,2023,198.42904397091596,5.8846780836243795,98.42904397091596
Long distance,Super Off Peak,2024,208.27362675907003,4.961261008543188,108.27362675907003
Long distance,Super Off Peak,2025,218.0736446520732,4.70535710425775,118.0736446520732
Regional,Advance,2004,100,NA,0
Regional,Advance,2005,103.585125056839,3.5851250568390043,3.5851250568390043
Regional,Advance,2006,109.413854190401,5.626994349201842,9.413854190400997
Regional,Advance,2007,112.877176184537,3.1653413726831783,12.877176184537007
Regional,Advance,2008,125.051038505409,10.785052153474833,25.051038505408997
Regional,Advance,2009,134.805729947727,7.800568119149265,34.805729947727
Regional,Advance,2010,138.159227795343,2.4876523044802195,38.159227795343014
Regional,Advance,2011,144.024101111288,4.245010202744247,44.02410111128799
Regional,Advance,2012,151.946547163436,5.500777988557841,51.94654716343601
Regional,Advance,2013,157.835749095085,3.8758379453759284,57.83574909508499
Regional,Advance,2014,158.986941144397,0.7293607791087323,58.98694114439701
Regional,Advance,2015,161.19675742316,1.3899357160132797,61.196757423159994
Regional,Advance,2016,158.629884368192,-1.5923850429755624,58.629884368191995
Regional,Advance,2017,169.014238564661,6.54627861441678,69.01423856466101
Regional,Advance,2018,177.187128608383,4.835622201495899,77.187128608383
Regional,Advance,2019,184.165092661063,3.9381890250632203,84.165092661063
Regional,Advance,2020,184.494302737687,0.1787581304725786,84.49430273768701
Regional,Advance,2021,190.418030558015,3.210791733092334,90.418030558015
Regional,Advance,2022,203.030782658906,6.623717335973726,103.03078265890599
Regional,Advance,2023,210.37745223337265,3.618500346722865,110.37745223337265
Regional,Advance,2024,227.79440187461708,8.278905109053097,127.79440187461708
Regional,Advance,2025,232.8950348902707,2.2391388786020787,132.8950348902707
Regional,All tickets,2004,100,NA,0
Regional,All tickets,2005,104.226022195801,4.226022195800994,4.226022195800994
Regional,All tickets,2006,109.326798358352,4.893956475637711,9.326798358351994
Regional,All tickets,2007,114.639437504969,4.8594116231257445,14.639437504968996
Regional,All tickets,2008,120.946744149605,5.501864613006857,20.946744149604996
Regional,All tickets,2009,129.706787726054,7.242893256897649,29.70678772605399
Regional,All tickets,2010,130.836851143995,0.8712446262471295,30.836851143995005
Regional,All tickets,2011,138.54009114085,5.887668443179698,38.540091140849995
Regional,All tickets,2012,147.377858619789,6.379212981716529,47.37785861978901
Regional,All tickets,2013,153.926305113715,4.44330414029146,53.92630511371499
Regional,All tickets,2014,157.513601999094,2.3305288090484884,57.51360199909399
Regional,All tickets,2015,161.095823617705,2.274230017691818,61.09582361770501
Regional,All tickets,2016,162.631974241573,0.9535632826294872,62.631974241573005
Regional,All tickets,2017,166.054379679763,2.104386578438978,66.054379679763
Regional,All tickets,2018,172.272285580332,3.744499791309498,72.27228558033201
Regional,All tickets,2019,177.801875081476,3.2097963305685027,77.801875081476
Regional,All tickets,2020,181.467858687577,2.061836302019372,81.467858687577
Regional,All tickets,2021,185.520963127142,2.2335109197177476,85.52096312714201
Regional,All tickets,2022,193.004763209223,4.033937704900853,93.004763209223
Regional,All tickets,2023,201.3287677423381,4.312849276207566,101.3287677423381
Regional,All tickets,2024,215.0075511415808,6.7942517865846614,115.00755114158079
Regional,All tickets,2025,223.60144627232265,3.9970201442287223,123.60144627232265
Regional,Anytime,2004,100,NA,0
Regional,Anytime,2005,104.473971798905,4.473971798904998,4.473971798904998
Regional,Anytime,2006,110.041794116201,5.329387043897533,10.041794116201004
Regional,Anytime,2007,115.829055027727,5.259148088238917,15.829055027726994
Regional,Anytime,2008,122.832900899391,6.046708979873349,22.832900899391007
Regional,Anytime,2009,132.212550201275,7.636105011935368,32.21255020127501
Regional,Anytime,2010,132.995390894668,0.5921077024845367,32.99539089466799
Regional,Anytime,2011,141.099759937024,6.093721735646201,41.099759937024004
Regional,Anytime,2012,150.425222340907,6.609127051700979,50.425222340907
Regional,Anytime,2013,157.107611810333,4.442333117701349,57.107611810333
Regional,Anytime,2014,161.072847454359,2.5238978546838307,61.07284745435899
Regional,Anytime,2015,164.861286820634,2.3520037213897846,64.861286820634
Regional,Anytime,2016,167.037903728634,1.3202716962704035,67.037903728634
Regional,Anytime,2017,170.269110129508,1.9344150810964027,70.269110129508
Regional,Anytime,2018,176.595373211323,3.7154496649469744,76.595373211323
Regional,Anytime,2019,182.370269801118,3.2701290440290784,82.37026980111801
Regional,Anytime,2020,186.958530183054,2.515903708943163,86.958530183054
Regional,Anytime,2021,191.368665224468,2.3588840996428337,91.368665224468
Regional,Anytime,2022,198.0673330421,3.5003995088614475,98.06733304209999
Regional,Anytime,2023,206.69275532343053,4.354792963005756,106.69275532343053
Regional,Anytime,2024,219.99177114035768,6.434195429886742,119.99177114035768
Regional,Anytime,2025,229.8569592360337,4.484344139118684,129.8569592360337
Regional,Off Peak,2004,100,NA,0
Regional,Off Peak,2005,104.272770691815,4.272770691814998,4.272770691814998
Regional,Off Peak,2006,109.260173627545,4.783034825525639,9.260173627545
Regional,Off Peak,2007,114.276117458262,4.590825425388532,14.276117458261993
Regional,Off Peak,2008,120.0745187155,5.07402717751223,20.074518715500005
Regional,Off Peak,2009,128.512013989267,7.0268824426924965,28.51201398926699
Regional,Off Peak,2010,130.137399903834,1.2647735134730307,30.137399903833995
Regional,Off Peak,2011,137.846164280526,5.923558010524619,37.84616428052601
Regional,Off Peak,2012,146.458627542143,6.247880241404516,46.458627542143006
Regional,Off Peak,2013,152.947932387682,4.4308109084742755,52.94793238768199
Regional,Off Peak,2014,156.117491583247,2.0723125485155416,56.11749158324699
Regional,Off Peak,2015,159.632173639393,2.2513057444763365,59.63217363939299
Regional,Off Peak,2016,161.782689183347,1.3471692422180515,61.782689183347
Regional,Off Peak,2017,163.892989256694,1.304404126300191,63.892989256693994
Regional,Off Peak,2018,169.884510819451,3.655752201439757,69.88451081945101
Regional,Off Peak,2019,175.209365842908,3.134397007574229,75.209365842908
Regional,Off Peak,2020,179.284683291742,2.3259700925394093,79.284683291742
Regional,Off Peak,2021,182.554353764918,1.8237310701301892,82.554353764918
Regional,Off Peak,2022,188.917603095506,3.4856738277423838,88.917603095506
Regional,Off Peak,2023,197.17165659162737,4.369128848172286,97.17165659162737
Regional,Off Peak,2024,210.2332077014601,6.624456747799806,110.23320770146009
Regional,Off Peak,2025,220.173567746876,4.728253996643398,120.17356774687599
Regional,Other,2004,100,NA,0
Regional,Other,2005,101.925222467355,1.925222467354999,1.925222467354999
Regional,Other,2006,106.077796359985,4.074137678688908,6.077796359985001
Regional,Other,2007,107.225667967794,1.0821035571983264,7.225667967793996
Regional,Other,2008,113.277599593734,5.644107181274675,13.277599593733996
Regional,Other,2009,122.69131358864,8.310304975271322,22.69131358864
Regional,Other,2010,123.007362080742,0.2575964694303033,23.007362080742
Regional,Other,2011,134.317021703025,9.194294903145188,34.317021703025006
Regional,Other,2012,143.49722381834,6.834727273518924,43.49722381833999
Regional,Other,2013,149.389237271824,4.106012155986362,49.38923727182399
Regional,Other,2014,153.796677526852,2.950306417997413,53.796677526851994
Regional,Other,2015,155.424688645555,1.0585476519274997,55.424688645554994
Regional,Other,2016,157.089761329557,1.0713051436758547,57.08976132955701
Regional,Other,2017,156.43532077536,-0.41660293367182927,56.43532077536
Regional,Other,2018,163.462371434734,4.491984690250862,63.462371434733996
Regional,Other,2019,166.738074571856,2.003949354442044,66.738074571856
Regional,Other,2020,170.241271252691,2.1010178328077647,70.241271252691
Regional,Other,2021,174.143895370294,2.2924077627511807,74.14389537029399
Regional,Other,2022,NA,NA,NA
Regional,Other,2023,NA,NA,NA
Regional,Other,2024,NA,NA,NA
Regional,Other,2025,NA,NA,NA
Regional,Season,2004,100,NA,0
Regional,Season,2005,104.105402892083,4.105402892083006,4.105402892083006
Regional,Season,2006,108.379686289685,4.105726771964725,8.379686289684997
Regional,Season,2007,113.057804870733,4.316416425624251,13.057804870732994
Regional,Season,2008,118.440936246397,4.761397394738844,18.440936246397
Regional,Season,2009,126.28315894782,6.6212096509508624,26.28315894782
Regional,Season,2010,126.184107369586,-0.07843609477248258,26.184107369586002
Regional,Season,2011,133.524862466509,5.81749576071601,33.524862466509006
Regional,Season,2012,141.856355513288,6.2396567147700495,41.85635551328801
Regional,Season,2013,148.180675540274,4.458256384849514,48.180675540273995
Regional,Season,2014,152.43347942668,2.870012483679186,52.43347942668001
Regional,Season,2015,156.354227519813,2.5721043092891325,56.35422751981301
Regional,Season,2016,157.786259188941,0.9158893186604211,57.78625918894099
Regional,Season,2017,160.197738385277,1.5283201520408658,60.197738385277006
Regional,Season,2018,165.304375661165,3.1877087200859826,65.30437566116501
Regional,Season,2019,169.848582772236,2.748993844171156,69.848582772236
Regional,Season,2020,173.606889202225,2.2127393521021186,73.606889202225
Regional,Season,2021,177.481179943274,2.231645736440813,77.48117994327399
Regional,Season,2022,184.755348887233,4.098557912610205,84.755348887233
Regional,Season,2023,193.21147166992552,4.576929887888541,93.21147166992552
Regional,Season,2024,204.20682264424448,5.690837546697522,104.20682264424448
Regional,Season,2025,207.5988673322128,1.6610829374088556,107.59886733221279
Regional,Super Off Peak,2004,100,NA,0
Regional,Super Off Peak,2005,99.935956601651,-0.06404339834899986,-0.06404339834899986
Regional,Super Off Peak,2006,102.207145789087,2.2726446663126976,2.2071457890869937
Regional,Super Off Peak,2007,111.706426384404,9.294145259588369,11.706426384403997
Regional,Super Off Peak,2008,111.819253082844,0.10100287162686929,11.819253082844
Regional,Super Off Peak,2009,125.154134990769,11.92538989510646,25.154134990768995
Regional,Super Off Peak,2010,134.454095590321,7.430805702294971,34.454095590321
Regional,Super Off Peak,2011,140.206653096596,4.278454651022997,40.206653096596
Regional,Super Off Peak,2012,151.614934822582,8.136762039477695,51.614934822582
Regional,Super Off Peak,2013,162.458829492444,7.1522602193190314,62.45882949244401
Regional,Super Off Peak,2014,171.835679613153,5.771831638824591,71.83567961315299
Regional,Super Off Peak,2015,180.53482818902,5.062480967544732,80.53482818902
Regional,Super Off Peak,2016,180.957819825264,0.23429918785594886,80.95781982526401
Regional,Super Off Peak,2017,183.884670930118,1.617421732688984,83.884670930118
Regional,Super Off Peak,2018,188.700983946246,2.6192031079949802,88.700983946246
Regional,Super Off Peak,2019,195.822386587808,3.773908589470122,95.82238658780801
Regional,Super Off Peak,2020,200.43390228885,2.3549481657318827,100.43390228884999
Regional,Super Off Peak,2021,202.816986200336,1.1889624880184655,102.816986200336
Regional,Super Off Peak,2022,209.332725141815,3.212619940542333,109.33272514181499
Regional,Super Off Peak,2023,221.91755808558605,6.011880337986005,121.91755808558605
Regional,Super Off Peak,2024,236.25544734150552,6.460907996468593,136.25544734150552
Regional,Super Off Peak,2025,253.91501401007335,7.47477650453539,153.91501401007335
